<BackupInst xmlns="http://www.microsoft.com/GroupPolicy/GPOOperations/Manifest"><GPOGuid><![CDATA[{BC2C0C3F-DF73-4488-B536-5D8E6814F3C4}]]></GPOGuid><GPODomain><![CDATA[ad.company.com]]></GPODomain><GPODomainGuid><![CDATA[{f33516a6-0f86-4995-8c0c-9a123b667932}]]></GPODomainGuid><GPODomainController><![CDATA[AD01.ad.company.com]]></GPODomainController><BackupTime><![CDATA[2014-02-23T12:07:31]]></BackupTime><ID><![CDATA[{6E118EC8-A51B-4E4C-AFEE-5309A602CC2A}]]></ID><Comment><![CDATA[FIM SCSM Mgmt Server]]></Comment><GPODisplayName><![CDATA[FIM SCSM Mgmt Server]]></GPODisplayName></BackupInst>
