<BackupInst xmlns="http://www.microsoft.com/GroupPolicy/GPOOperations/Manifest"><GPOGuid><![CDATA[{146ED112-0640-41F4-8334-1F1909414583}]]></GPOGuid><GPODomain><![CDATA[ad.company.com]]></GPODomain><GPODomainGuid><![CDATA[{f33516a6-0f86-4995-8c0c-9a123b667932}]]></GPODomainGuid><GPODomainController><![CDATA[AD01.ad.company.com]]></GPODomainController><BackupTime><![CDATA[2014-02-23T12:07:00]]></BackupTime><ID><![CDATA[{A54D910C-B755-4D84-A336-BDD82FCB4DEC}]]></ID><Comment><![CDATA[FIM SCSM DW Server]]></Comment><GPODisplayName><![CDATA[FIM SCSM DW Server]]></GPODisplayName></BackupInst>
