<BackupInst xmlns="http://www.microsoft.com/GroupPolicy/GPOOperations/Manifest"><GPOGuid><![CDATA[{E81036FE-E35D-4DD2-AE51-B1E38D9375FC}]]></GPOGuid><GPODomain><![CDATA[ad.company.com]]></GPODomain><GPODomainGuid><![CDATA[{f33516a6-0f86-4995-8c0c-9a123b667932}]]></GPODomainGuid><GPODomainController><![CDATA[AD01.ad.company.com]]></GPODomainController><BackupTime><![CDATA[2014-02-23T12:07:56]]></BackupTime><ID><![CDATA[{209B95D1-45E6-4999-A523-4C25F75D3A77}]]></ID><Comment><![CDATA[FIM SQL Server]]></Comment><GPODisplayName><![CDATA[FIM SQL Server]]></GPODisplayName></BackupInst>
