<Backups xmlns="http://www.microsoft.com/GroupPolicy/GPOOperations/Manifest" xmlns:mfst="http://www.microsoft.com/GroupPolicy/GPOOperations/Manifest" mfst:version="1.0"><BackupInst><GPOGuid><![CDATA[{E81036FE-E35D-4DD2-AE51-B1E38D9375FC}]]></GPOGuid><GPODomain><![CDATA[ad.company.com]]></GPODomain><GPODomainGuid><![CDATA[{f33516a6-0f86-4995-8c0c-9a123b667932}]]></GPODomainGuid><GPODomainController><![CDATA[AD01.ad.company.com]]></GPODomainController><BackupTime><![CDATA[2014-02-23T12:07:56]]></BackupTime><ID><![CDATA[{209B95D1-45E6-4999-A523-4C25F75D3A77}]]></ID><Comment><![CDATA[FIM SQL Server]]></Comment><GPODisplayName><![CDATA[FIM SQL Server]]></GPODisplayName></BackupInst><BackupInst><GPOGuid><![CDATA[{947249B5-E947-4ADD-B289-7A5FD01881A7}]]></GPOGuid><GPODomain><![CDATA[ad.company.com]]></GPODomain><GPODomainGuid><![CDATA[{f33516a6-0f86-4995-8c0c-9a123b667932}]]></GPODomainGuid><GPODomainController><![CDATA[AD01.ad.company.com]]></GPODomainController><BackupTime><![CDATA[2014-02-23T12:07:42]]></BackupTime><ID><![CDATA[{38C96E7F-F3F0-40F1-95BE-A6C160F16ABC}]]></ID><Comment><![CDATA[FIM Server]]></Comment><GPODisplayName><![CDATA[FIM Server]]></GPODisplayName></BackupInst><BackupInst><GPOGuid><![CDATA[{BC2C0C3F-DF73-4488-B536-5D8E6814F3C4}]]></GPOGuid><GPODomain><![CDATA[ad.company.com]]></GPODomain><GPODomainGuid><![CDATA[{f33516a6-0f86-4995-8c0c-9a123b667932}]]></GPODomainGuid><GPODomainController><![CDATA[AD01.ad.company.com]]></GPODomainController><BackupTime><![CDATA[2014-02-23T12:07:31]]></BackupTime><ID><![CDATA[{6E118EC8-A51B-4E4C-AFEE-5309A602CC2A}]]></ID><Comment><![CDATA[FIM SCSM Mgmt Server]]></Comment><GPODisplayName><![CDATA[FIM SCSM Mgmt Server]]></GPODisplayName></BackupInst><BackupInst><GPOGuid><![CDATA[{146ED112-0640-41F4-8334-1F1909414583}]]></GPOGuid><GPODomain><![CDATA[ad.company.com]]></GPODomain><GPODomainGuid><![CDATA[{f33516a6-0f86-4995-8c0c-9a123b667932}]]></GPODomainGuid><GPODomainController><![CDATA[AD01.ad.company.com]]></GPODomainController><BackupTime><![CDATA[2014-02-23T12:07:00]]></BackupTime><ID><![CDATA[{A54D910C-B755-4D84-A336-BDD82FCB4DEC}]]></ID><Comment><![CDATA[FIM SCSM DW Server]]></Comment><GPODisplayName><![CDATA[FIM SCSM DW Server]]></GPODisplayName></BackupInst></Backups>