<?xml version="1.0" encoding="utf-8"?><!-- Copyright (c) Microsoft Corporation.  All rights reserved. --><GroupPolicyBackupScheme bkp:version="2.0" bkp:type="GroupPolicyBackupTemplate" xmlns:bkp="http://www.microsoft.com/GroupPolicy/GPOOperations" xmlns="http://www.microsoft.com/GroupPolicy/GPOOperations">
    <GroupPolicyObject><SecurityGroups><Group><Sid/><SamAccountName><![CDATA[Administrators]]></SamAccountName><Type><![CDATA[Unknown]]></Type><NetBIOSDomainName/><DnsDomainName/><UPN/></Group><Group><Sid/><SamAccountName><![CDATA[Backup Operators]]></SamAccountName><Type><![CDATA[Unknown]]></Type><NetBIOSDomainName/><DnsDomainName/><UPN/></Group><Group><Sid/><SamAccountName><![CDATA[Users]]></SamAccountName><Type><![CDATA[Unknown]]></Type><NetBIOSDomainName/><DnsDomainName/><UPN/></Group><Group><Sid><![CDATA[S-1-5-21-2148660981-2379612095-3702489623-1206]]></Sid><SamAccountName><![CDATA[admFIMAdmin]]></SamAccountName><Type><![CDATA[LocalGroup]]></Type><NetBIOSDomainName><![CDATA[AD]]></NetBIOSDomainName><DnsDomainName><![CDATA[ad.company.com]]></DnsDomainName><UPN><![CDATA[admFIMAdmin@ad.company.com]]></UPN></Group><Group><Sid><![CDATA[S-1-5-21-2148660981-2379612095-3702489623-1179]]></Sid><SamAccountName><![CDATA[svcFIMMA]]></SamAccountName><Type><![CDATA[User]]></Type><NetBIOSDomainName><![CDATA[AD]]></NetBIOSDomainName><DnsDomainName><![CDATA[ad.company.com]]></DnsDomainName><UPN><![CDATA[svcFIMMA@ad.company.com]]></UPN></Group><Group><Sid><![CDATA[S-1-5-21-2148660981-2379612095-3702489623-1176]]></Sid><SamAccountName><![CDATA[svcFIMSync]]></SamAccountName><Type><![CDATA[User]]></Type><NetBIOSDomainName><![CDATA[AD]]></NetBIOSDomainName><DnsDomainName><![CDATA[ad.company.com]]></DnsDomainName><UPN><![CDATA[svcFIMSync@ad.company.com]]></UPN></Group><Group><Sid><![CDATA[S-1-5-21-2148660981-2379612095-3702489623-1177]]></Sid><SamAccountName><![CDATA[svcFIMService]]></SamAccountName><Type><![CDATA[User]]></Type><NetBIOSDomainName><![CDATA[AD]]></NetBIOSDomainName><DnsDomainName><![CDATA[ad.company.com]]></DnsDomainName><UPN><![CDATA[svcFIMService@ad.company.com]]></UPN></Group><Group bkp:Source="FromDACL"><Sid><![CDATA[S-1-5-21-2148660981-2379612095-3702489623-519]]></Sid><SamAccountName><![CDATA[Enterprise Admins]]></SamAccountName><Type><![CDATA[UniversalGroup]]></Type><NetBIOSDomainName><![CDATA[AD]]></NetBIOSDomainName><DnsDomainName><![CDATA[ad.company.com]]></DnsDomainName><UPN><![CDATA[Enterprise Admins@ad.company.com]]></UPN></Group><Group><Sid><![CDATA[S-1-5-21-2148660981-2379612095-3702489623-512]]></Sid><SamAccountName><![CDATA[Domain Admins]]></SamAccountName><Type><![CDATA[GlobalGroup]]></Type><NetBIOSDomainName><![CDATA[AD]]></NetBIOSDomainName><DnsDomainName><![CDATA[ad.company.com]]></DnsDomainName><UPN><![CDATA[Domain Admins@ad.company.com]]></UPN></Group></SecurityGroups><FilePaths/><GroupPolicyCoreSettings><ID><![CDATA[{947249B5-E947-4ADD-B289-7A5FD01881A7}]]></ID><Domain><![CDATA[ad.company.com]]></Domain><SecurityDescriptor>01 00 04 9c 00 00 00 00 00 00 00 00 00 00 00 00 14 00 00 00 04 00 ec 00 08 00 00 00 05 02 28 00 00 01 00 00 01 00 00 00 8f fd ac ed b3 ff d1 11 b4 1d 00 a0 c9 68 f9 39 01 01 00 00 00 00 00 05 0b 00 00 00 00 00 24 00 ff 00 0f 00 01 05 00 00 00 00 00 05 15 00 00 00 f5 f6 11 80 bf ff d5 8d 17 82 af dc 00 02 00 00 00 02 24 00 ff 00 0f 00 01 05 00 00 00 00 00 05 15 00 00 00 f5 f6 11 80 bf ff d5 8d 17 82 af dc 00 02 00 00 00 02 24 00 ff 00 0f 00 01 05 00 00 00 00 00 05 15 00 00 00 f5 f6 11 80 bf ff d5 8d 17 82 af dc 07 02 00 00 00 02 14 00 94 00 02 00 01 01 00 00 00 00 00 05 09 00 00 00 00 02 14 00 94 00 02 00 01 01 00 00 00 00 00 05 0b 00 00 00 00 02 14 00 ff 00 0f 00 01 01 00 00 00 00 00 05 12 00 00 00 00 0a 14 00 ff 00 0f 00 01 01 00 00 00 00 00 03 00 00 00 00</SecurityDescriptor><DisplayName><![CDATA[FIM Server]]></DisplayName><Options><![CDATA[0]]></Options><UserVersionNumber><![CDATA[65537]]></UserVersionNumber><MachineVersionNumber><![CDATA[1441814]]></MachineVersionNumber><MachineExtensionGuids><![CDATA[[{35378EAC-683F-11D2-A89A-00C04FBBCFA2}{B05566AC-FE9C-4368-BE01-7A4CBB6CBA11}][{827D319E-6EAC-11D2-A4EA-00C04F79F83A}{803E14A0-B4FB-11D0-A0D0-00A0C90F574B}]]]></MachineExtensionGuids><UserExtensionGuids/><WMIFilter/></GroupPolicyCoreSettings> 
        <GroupPolicyExtension bkp:ID="{35378EAC-683F-11D2-A89A-00C04FBBCFA2}" bkp:DescName="Registry">
            <FSObjectFile bkp:Path="%GPO_MACH_FSPATH%\registry.pol" bkp:SourceExpandedPath="\\AD01.ad.company.com\sysvol\ad.company.com\Policies\{947249B5-E947-4ADD-B289-7A5FD01881A7}\Machine\registry.pol" bkp:Location="DomainSysvol\GPO\Machine\registry.pol"/>
            
            <FSObjectFile bkp:Path="%GPO_FSPATH%\Adm\*.*" bkp:SourceExpandedPath="\\AD01.ad.company.com\sysvol\ad.company.com\Policies\{947249B5-E947-4ADD-B289-7A5FD01881A7}\Adm\*.*"/>
        </GroupPolicyExtension>
        
        
        
        
        <GroupPolicyExtension bkp:ID="{827D319E-6EAC-11D2-A4EA-00C04F79F83A}" bkp:DescName="Security">
            <FSObjectFile bkp:Path="%GPO_MACH_FSPATH%\microsoft\windows nt\SecEdit\GptTmpl.inf" bkp:SourceExpandedPath="\\AD01.ad.company.com\sysvol\ad.company.com\Policies\{947249B5-E947-4ADD-B289-7A5FD01881A7}\Machine\microsoft\windows nt\SecEdit\GptTmpl.inf" bkp:ReEvaluateFunction="SecurityValidateSettings" bkp:Location="DomainSysvol\GPO\Machine\microsoft\windows nt\SecEdit\GptTmpl.inf"/>
        </GroupPolicyExtension>
        
        
        
        
    <GroupPolicyExtension bkp:ID="{F15C46CD-82A0-4C2D-A210-5D0D3182A418}" bkp:DescName="Unknown Extension"><FSObjectDir bkp:Path="%GPO_MACH_FSPATH%\microsoft" bkp:SourceExpandedPath="\\AD01.ad.company.com\sysvol\ad.company.com\Policies\{947249B5-E947-4ADD-B289-7A5FD01881A7}\Machine\microsoft" bkp:Location="DomainSysvol\GPO\Machine\microsoft"/><FSObjectDir bkp:Path="%GPO_MACH_FSPATH%\microsoft\windows nt" bkp:SourceExpandedPath="\\AD01.ad.company.com\sysvol\ad.company.com\Policies\{947249B5-E947-4ADD-B289-7A5FD01881A7}\Machine\microsoft\windows nt" bkp:Location="DomainSysvol\GPO\Machine\microsoft\windows nt"/><FSObjectDir bkp:Path="%GPO_MACH_FSPATH%\microsoft\windows nt\SecEdit" bkp:SourceExpandedPath="\\AD01.ad.company.com\sysvol\ad.company.com\Policies\{947249B5-E947-4ADD-B289-7A5FD01881A7}\Machine\microsoft\windows nt\SecEdit" bkp:Location="DomainSysvol\GPO\Machine\microsoft\windows nt\SecEdit"/><FSObjectDir bkp:Path="%GPO_MACH_FSPATH%\Scripts" bkp:SourceExpandedPath="\\AD01.ad.company.com\sysvol\ad.company.com\Policies\{947249B5-E947-4ADD-B289-7A5FD01881A7}\Machine\Scripts" bkp:Location="DomainSysvol\GPO\Machine\Scripts"/><FSObjectDir bkp:Path="%GPO_MACH_FSPATH%\Scripts\Shutdown" bkp:SourceExpandedPath="\\AD01.ad.company.com\sysvol\ad.company.com\Policies\{947249B5-E947-4ADD-B289-7A5FD01881A7}\Machine\Scripts\Shutdown" bkp:Location="DomainSysvol\GPO\Machine\Scripts\Shutdown"/><FSObjectDir bkp:Path="%GPO_MACH_FSPATH%\Scripts\Startup" bkp:SourceExpandedPath="\\AD01.ad.company.com\sysvol\ad.company.com\Policies\{947249B5-E947-4ADD-B289-7A5FD01881A7}\Machine\Scripts\Startup" bkp:Location="DomainSysvol\GPO\Machine\Scripts\Startup"/></GroupPolicyExtension></GroupPolicyObject>
</GroupPolicyBackupScheme>