<BackupInst xmlns="http://www.microsoft.com/GroupPolicy/GPOOperations/Manifest"><GPOGuid><![CDATA[{947249B5-E947-4ADD-B289-7A5FD01881A7}]]></GPOGuid><GPODomain><![CDATA[ad.company.com]]></GPODomain><GPODomainGuid><![CDATA[{f33516a6-0f86-4995-8c0c-9a123b667932}]]></GPODomainGuid><GPODomainController><![CDATA[AD01.ad.company.com]]></GPODomainController><BackupTime><![CDATA[2014-02-23T12:07:42]]></BackupTime><ID><![CDATA[{38C96E7F-F3F0-40F1-95BE-A6C160F16ABC}]]></ID><Comment><![CDATA[FIM Server]]></Comment><GPODisplayName><![CDATA[FIM Server]]></GPODisplayName></BackupInst>
